Company,Date,Title,Abstract
3M,"april 7, 2015",hp comes to terms with the cloud,"hewlett-packard has decided it cannot compete with the likes of amazon and google for one of the hottest new businesses. instead, on the eve of its split into two companies, hp is learning about collaborative technologies, and not just for its customers."
3M,"feb. 11, 2014","liquid-cooled supercomputers, to trim the power bill","looking to reduce energy bills and environmental strains, operators of supercomputers are immersing them in cooling liquids."
3M,"dec. 3, 2013",google joins a heavyweight competition in cloud computing,"the search giant, which for years has been evasive about its plans for the cloud, is announcing rates and features for a wide-ranging computing service."
3M,"sept. 17, 2013","headphones for protection, not cranking it up","the 3m tekk protection worktunes headphones keep excessive noise out, and won't damage your ears with loud music levels, either."
3M,"march 21, 2013",addressing fears about led light bulbs,"a column about led light bulbs generated a lot of reader e-mail, probably because led represents change. and change is always scary. david pogue addresses some reader concerns."
3M,"march 20, 2013",new reasons to change light bulbs,"led bulbs last longer and use less power than older ones, and with prices falling, a change makes even more sense."
3M,"feb. 21, 2013","blurry backgrounds, big sensors and bokeh",david pogue analyzes the debate on blurry photo backgrounds and how cameras get them.
3M,"oct. 18, 2012","stanford r. ovshinsky dies at 89, a self-taught maverick in electronics","a self-taught scientist, mr. ovshinsky invented the nickel-metal hybrid battery and contributed to the development of many other devices."
3M,"oct. 25, 2011",ex-apple leaders push the humble thermostat into the digital age,"nest labs, a silicon valley start-up, is trying to transform the household thermostat into a digital assistant that reduces energy consumption."
3M,"may 9, 2011",the ipad in your hand: as fast as a supercomputer of yore,a computer scientist who tracks the mathematical capabilities of computers has found that the ipad 2 is as fast as a supercomputer from years ago.
3M,"april 10, 2011",how to clean a lens the right way,"even something as simple as wiping a lens can be done the wrong way, with disastrous results. here's the right way."
3M,"jan. 19, 2011",headphones that produce quiet and side effects,"headphones that use active noise reduction can leave some users feeling queasy. also, sticky notes on windows 7 and counting characters on iphone text messages."
3M,"dec. 29, 2010",looking for better sound? here's a tip,earbuds shape up with these after-market tips.
3M,"july 3, 2010",did a speeding car just jump out of my cellphone?,"the small screens of cellphones can lend themselves well to glasses-free three-dimensional effects, experts say."
3M,"april 18, 2010",companies slowly join cloud-computing,"amazon, microsoft, google and others are now trying to rent large corporations the remote use of their technology infrastructure, but some concerns remain after a few cautious steps into cloud services."
3M,"march 26, 2010",at&t plans $1 billion charge for health care,at&t said the charge reflected changes to how medicare subsidies were taxed because of the new health care law.
3M,"jan. 22, 2010",projecting a new laptop,pc maker hewlett-packard is expected to add a mini projector to a laptop later this year.
3M,"sept. 3, 2009",a new smartphone accessory is for your eyes only,a film from 3m that obscures your phone's screen from casual busybodies is now available in custom sizes for most phones.
3M,"aug. 26, 2009",a pocket projector to make any surface a silver screen,"a cool new technology gives you movies and more in your campsite, bedroom or boardroom, without a bulky projector."
3M,"feb. 11, 2009","at ted, virtual worlds collide with reality",one of the many exciting demos shown at this year's ted conference.
3M,"jan. 22, 2009",the future of display technologies,"sharp, 3m, corning, e-ink and mitsubishi talked with david pogue about the future of display technologies earlier this month at the consumer electronics show."
3M,"jan. 16, 2009",yahoo's new chief makes a decisive first appearance,"carol bartz delivered her first speech since she replaced jerry yang as yahoo's chief executive, offering the glimpse of a personality very different from mr. yang's."
3M,"jan. 15, 2009",yahoo's new chief makes a decisive first appearance,an alliance of big companies and start-ups wants congress to give it at least $1 billion to support u.s. lithium-ion battery production for electric cars.
3M,"dec. 26, 2008",electric-car battery makers seek federal funds,"david pogue reviews two new small video projectors, the 3m and aiptek."
3M,"dec. 11, 2008",the new world of pocket projectors,"david pogue reviews two new small video projectors, the 3m and aiptek."
3M,"dec. 11, 2008",the new world of pocket projectors,"jawed karim, one of youtube's three founders, hit the equivalent of the powerball when google bought the site."
3M,"oct. 12, 2006",ivy is the green that lures this youtube founder - technology - international herald tribune,"sharp, 3m, corning, e-ink and mitsubishi talked with david pogue about the future of display technologies earlier this month at the consumer electronics show."
3M,"oct. 12, 2006","with youtube, grad student hits jackpot again - technology - international herald tribune","sharp, 3m, corning, e-ink and mitsubishi talked with david pogue about the future of display technologies earlier this month at the consumer electronics show."
3M,"oct. 12, 2006","with youtube, student hits jackpot again","carol bartz delivered her first speech since she replaced jerry yang as yahoo's chief executive, offering the glimpse of a personality very different from mr. yang's."
3M,"jan. 22, 2009",the future of display technologies,an alliance of big companies and start-ups wants congress to give it at least $1 billion to support u.s. lithium-ion battery production for electric cars.
3M,"jan. 22, 2009",the future of display technologies,"david pogue reviews two new small video projectors, the 3m and aiptek."
3M,"jan. 16, 2009",yahoo's new chief makes a decisive first appearance,"david pogue reviews two new small video projectors, the 3m and aiptek."
3M,"jan. 15, 2009",yahoo's new chief makes a decisive first appearance,"jawed karim, one of youtube's three founders, hit the equivalent of the powerball when google bought the site."
3M,"dec. 26, 2008",electric-car battery makers seek federal funds,"sharp, 3m, corning, e-ink and mitsubishi talked with david pogue about the future of display technologies earlier this month at the consumer electronics show."
3M,"dec. 11, 2008",the new world of pocket projectors,"sharp, 3m, corning, e-ink and mitsubishi talked with david pogue about the future of display technologies earlier this month at the consumer electronics show."
3M,"dec. 11, 2008",the new world of pocket projectors,"carol bartz delivered her first speech since she replaced jerry yang as yahoo's chief executive, offering the glimpse of a personality very different from mr. yang's."
3M,"oct. 12, 2006",ivy is the green that lures this youtube founder - technology - international herald tribune,an alliance of big companies and start-ups wants congress to give it at least $1 billion to support u.s. lithium-ion battery production for electric cars.
3M,"oct. 12, 2006","with youtube, grad student hits jackpot again - technology - international herald tribune","david pogue reviews two new small video projectors, the 3m and aiptek."
3M,"oct. 12, 2006","with youtube, student hits jackpot again","david pogue reviews two new small video projectors, the 3m and aiptek."
3M,"jan. 22, 2009",the future of display technologies,"jawed karim, one of youtube's three founders, hit the equivalent of the powerball when google bought the site."
3M,"jan. 16, 2009",yahoo's new chief makes a decisive first appearance,"sharp, 3m, corning, e-ink and mitsubishi talked with david pogue about the future of display technologies earlier this month at the consumer electronics show."
3M,"jan. 15, 2009",yahoo's new chief makes a decisive first appearance,"carol bartz delivered her first speech since she replaced jerry yang as yahoo's chief executive, offering the glimpse of a personality very different from mr. yang's."
3M,"dec. 26, 2008",electric-car battery makers seek federal funds,an alliance of big companies and start-ups wants congress to give it at least $1 billion to support u.s. lithium-ion battery production for electric cars.
3M,"oct. 12, 2006",ivy is the green that lures this youtube founder - technology - international herald tribune,"jawed karim, one of youtube's three founders, hit the equivalent of the powerball when google bought the site."
3M,"oct. 12, 2006","with youtube, student hits jackpot again","sharp, 3m, corning, e-ink and mitsubishi talked with david pogue about the future of display technologies earlier this month at the consumer electronics show."
3M,"jan. 22, 2009",the future of display technologies,"carol bartz delivered her first speech since she replaced jerry yang as yahoo's chief executive, offering the glimpse of a personality very different from mr. yang's."
3M,"jan. 15, 2009",yahoo's new chief makes a decisive first appearance,"david pogue reviews two new small video projectors, the 3m and aiptek."
3M,"dec. 26, 2008",electric-car battery makers seek federal funds,"jawed karim, one of youtube's three founders, hit the equivalent of the powerball when google bought the site."
3M,"oct. 12, 2006",ivy is the green that lures this youtube founder - technology - international herald tribune,"carol bartz delivered her first speech since she replaced jerry yang as yahoo's chief executive, offering the glimpse of a personality very different from mr. yang's."
3M,"oct. 12, 2006","with youtube, grad student hits jackpot again - technology - international herald tribune",an alliance of big companies and start-ups wants congress to give it at least $1 billion to support u.s. lithium-ion battery production for electric cars.
3M,"jan. 15, 2009",yahoo's new chief makes a decisive first appearance,"sharp, 3m, corning, e-ink and mitsubishi talked with david pogue about the future of display technologies earlier this month at the consumer electronics show."
3M,"dec. 26, 2008",electric-car battery makers seek federal funds,"carol bartz delivered her first speech since she replaced jerry yang as yahoo's chief executive, offering the glimpse of a personality very different from mr. yang's."
3M,"dec. 11, 2008",the new world of pocket projectors,an alliance of big companies and start-ups wants congress to give it at least $1 billion to support u.s. lithium-ion battery production for electric cars.
3M,"oct. 12, 2006",ivy is the green that lures this youtube founder - technology - international herald tribune,"david pogue reviews two new small video projectors, the 3m and aiptek."
3M,"oct. 12, 2006","with youtube, grad student hits jackpot again - technology - international herald tribune","jawed karim, one of youtube's three founders, hit the equivalent of the powerball when google bought the site."
3M,"jan. 16, 2009",yahoo's new chief makes a decisive first appearance,an alliance of big companies and start-ups wants congress to give it at least $1 billion to support u.s. lithium-ion battery production for electric cars.
3M,"oct. 12, 2006","with youtube, grad student hits jackpot again - technology - international herald tribune","carol bartz delivered her first speech since she replaced jerry yang as yahoo's chief executive, offering the glimpse of a personality very different from mr. yang's."
3M,"oct. 12, 2006","with youtube, student hits jackpot again",an alliance of big companies and start-ups wants congress to give it at least $1 billion to support u.s. lithium-ion battery production for electric cars.
3M,"jan. 16, 2009",yahoo's new chief makes a decisive first appearance,"jawed karim, one of youtube's three founders, hit the equivalent of the powerball when google bought the site."
3M,"jan. 15, 2009",yahoo's new chief makes a decisive first appearance,"any business traveler who has logged on to a wireless network at the airport or checked e-mail at a public terminal has probably wondered, ""is this safe?"""
3M,"dec. 26, 2008",electric-car battery makers seek federal funds,"any business traveler who has logged on to a wireless network at the airport or checked e-mail at a public terminal has probably wondered, ""is this safe?"""
3M,"dec. 11, 2008",the new world of pocket projectors,"any business traveler who has logged on to a wireless network at the airport or checked e-mail at a public terminal has probably wondered, ""is this safe?"""
3M,"oct. 12, 2006",ivy is the green that lures this youtube founder - technology - international herald tribune,"any business traveler who has logged on to a wireless network at the airport or checked e-mail at a public terminal has probably wondered, ""is this safe?"""
3M,"oct. 12, 2006","with youtube, student hits jackpot again","any business traveler who has logged on to a wireless network at the airport or checked e-mail at a public terminal has probably wondered, ""is this safe?"""
3M,"oct. 12, 2006","with youtube, grad student hits jackpot again - technology - international herald tribune","any business traveler who has logged on to a wireless network at the airport or checked e-mail at a public terminal has probably wondered, ""is this safe?"""
3M,"jan. 22, 2009",the future of display technologies,"any business traveler who has logged on to a wireless network at the airport or checked e-mail at a public terminal has probably wondered, ""is this safe?"""
3M,"jan. 16, 2009",yahoo's new chief makes a decisive first appearance,"any business traveler who has logged on to a wireless network at the airport or checked e-mail at a public terminal has probably wondered, ""is this safe?"""
3M,"oct. 12, 2006","with youtube, student hits jackpot again","jawed karim, one of youtube's three founders, hit the equivalent of the powerball when google bought the site."
American Express,"dec. 14, 2016",twitter has the right to suspend donald trump. but it shouldn't.,the president-elect's tweets are arguably inciting harassment against his critics. but twitter's conduct rules are too vague to merit banning mr. trump.
American Express,"dec. 7, 2016",lawmakers change their tone on at&t and time warner deal,the telecom giant and media behemoth defended their proposed $85.4 billion merger in a senate hearing.
American Express,"nov. 22, 2016",facebook said to create censorship tool to get back into china,"the social network, blocked in china since 2009, has developed software to keep posts from appearing in users' news feeds in specific geographic areas, current and former employees said."
American Express,"nov. 17, 2016","udacity, an online learning start-up, offers tech job trials","with a new program, blitz, udacity is expanding an effort to train workers in high-tech fields in which workers are in high demand."
American Express,"nov. 16, 2016",social media's globe-shaking power,the election of donald j. trump is perhaps the starkest illustration yet that social networks are helping to rewire human society.
American Express,"nov. 15, 2016",twitter adds new ways to curb abuse and hate speech,"the social media company is making it easier to hide unwanted content and report abuse, but some say that's not enough."
American Express,"oct. 5, 2016",twitter's fate: marc benioff of salesforce addresses acquisition talk,the tech world has been buzzing since it heard that the online software company salesforce was interested in bidding for twitter.
American Express,"sept. 29, 2016",f.c.c. delays vote on cable set-top boxes,"the plan is intended to free consumers from renting the boxes, which cost them $231 a year on average."
American Express,"sept. 27, 2016",facebook ordered to stop collecting data on whatsapp users in germany,a hamburg regulator said on tuesday that neither the messenger nor its parent company had received individuals' permission to share digital information.
American Express,"sept. 18, 2016",how tech companies disrupted silicon valley's restaurant scene,restaurants in palo alto are increasingly struggling as rents soar and workers are hired away by the corporate cafeterias of behemoths like google.
American Express,"sept. 1, 2016","tim cook, apple chief, defends tax practices and says cash will return to u.s.","the company's chief executive said in an interview with an irish broadcaster that the european union's tax decision was ""maddening"" and politically motivated."
American Express,"aug. 31, 2016",video games allow characters more varied sexual identities,"video games have become more inclusive regarding gender and sexuality, adding features to accommodate l.g.b.t. players."
American Express,"aug. 2, 2016","china, not silicon valley, is cutting edge in mobile tech","american tech companies study chinese users and apps as a smartphone revolution changes how people interact, buy products and manage their money."
American Express,"july 20, 2016",peter thiel's embrace of trump has silicon valley squirming,a speech by the billionaire co-founder of paypal at the republican convention could spoil a delicate but growing relationship between tech and the g.o.p.
American Express,"july 12, 2016",where pokemon should not go,the digital beasts have been reported at auschwitz and memorials for the holocaust and the sept. 11 attacks.
American Express,"july 8, 2016",facebook to add 'secret conversations' to messenger app,"the app has long taken a back seat to the social media giant's whatsapp, but facebook hopes the service will attract a global audience."
American Express,"june 29, 2016","facebook, a news giant that would rather show us baby pictures",the most powerful force in the news industry just said something that should shock everyone in the media business: its primary purpose isn't informing users about the world.
American Express,"june 28, 2016",airbnb in disputes with new york and san francisco,"the company, despite an aggressive lobbying effort, has not been able to persuade some local legislators to work with it."
American Express,"june 21, 2016",f.a.a. issues commercial drone rules,"previously, companies had to apply for special permission to operate drones. now a range of businesses may use drones under 55 pounds, but not for package delivery."
American Express,"june 11, 2016",the chinese hackers in the back office,a dusty old computer in a mom-and-pop wisconsin welding shop is giving a digital security firm a window into the operations of chinese hackers.
American Express,"june 7, 2016","in the fight for transgender equality, winning hearts and minds online","facebook has become a critical tool for visibility and acceptance, and is seen as contributing to the shift in mainstream attitudes toward transgender people."
American Express,"june 4, 2016",farhad and lydia's week in tech: twitter woes and a more wary political class,"snapchat is enjoying a positive run, and the leading presidential candidates have both expressed skepticism toward the tech industry."
American Express,"may 26, 2016",regeneron pharmaceuticals to sponsor science talent search,the biotechnology company will sharply increase funding for the longtime high school contest with which intel ended its relationship last year.
American Express,"may 25, 2016","women from venus, men still from mars on facebook, study finds","a study of 10 million facebook posts found that american men more likely to swear, express anger and argue; women used kinder yet more assertive language."
American Express,"may 18, 2016","twitter, trump's trusty weapon, could backfire","the social media platform has served mr. trump's bombast and provocations well, but such behavior may be poison to a general election campaign."
American Express,"may 11, 2016","facebook's bias is built-in, and bears watching","its algorithms are as infused with bias as any human decision, but neither it nor its audience thinks of facebook as a news organization with editorial responsibilities."
American Express,"may 9, 2016",conservatives accuse facebook of political bias,facebook responded to a report by the website gizmodo that accused the social network of suppressing stories from conservative news sources.
American Express,"may 8, 2016",police and tech giants wrangle over encryption on capitol hill,behind-the-scenes lobbying heightens in this next phase of a divide over digital security that erupted when apple refused to help unlock an iphone used in a mass shooting.
American Express,"april 19, 2016",f.b.i. says it needs hackers to keep up with tech companies,"government officials and apple representatives showed no sign of compromise in their battle over encryption and privacy, as they appeared before a congressional panel."
American Express,"april 7, 2016",amazon may violate india's new rules on foreign e-commerce,the government added regulations related to pricing and the sourcing of sales on sites that amazon and several rivals appear to break.
American Express,"march 8, 2016",in san francisco and rooting for a tech comeuppance,"the city is bulging, the rents soaring, and residents are growing more vocal about wishing silicon valley would cool off, or at least pay up."
American Express,"march 7, 2016",justice dept. appeals ruling in apple iphone case in brooklyn,"the justice department said a federal judge had erred in not ordering apple to unlock a drug dealer's iphone, in a case being watched by lawyers and experts on both sides of the encryption debate."
American Express,"march 2, 2016",a plan in case robots take the jobs: give everyone a paycheck,"for some technologists, machine intelligence is not seen as a job-killing catastrophe, but something like a windfall that could lead to universal basic income."
American Express,"feb. 25, 2016",analyzing apple's argument that first amendment applies to its code,"the company, in its fight with the f.b.i., is defending its phones on grounds that its code represents free speech, and there is some precedent."
American Express,"feb. 18, 2016",public split between concern over terrorism and privacy,"a survey found that 54 percent of the public said they were very or somewhat concerned about the loss of privacy, while 44 percent were not very concerned or not at all concerned."
American Express,"feb. 17, 2016",fighting fraud on multiple fronts,fake text messages about your financial accounts are just some of the many schemes going around.
American Express,"feb. 4, 2016",concern grows in u.s. over china's drive to make chips,chips with military as well as electronics uses came under focus when washington officials killed a $2.9 billion chinese investment.
American Express,"feb. 3, 2016",european privacy regulators want details on 'safe harbor' data deal,privacy watchdogs from european union countries expressed doubts that a new data-transfer pact with the united states could protect personal information.
American Express,"feb. 2, 2016","u.s. and europe in 'safe harbor' data deal, but legal fight may await","the agreement would let businesses like google and facebook continue to move personal data across the atlantic, but european privacy officials may balk."
American Express,"jan. 31, 2016",u.s. and europe fail to meet deadline for data transfer deal,officials were far apart on sunday over a trans-atlantic pact that international companies must rely on to move digital data between the regions.
American Express,"jan. 29, 2016",facebook moves to ban private gun sales on its site and instagram,"the ban, which does not apply to posts by licensed gun dealers, will also apply to the company's photo-sharing service."
American Express,"jan. 26, 2016",twitter recruits a chief marketing officer from american express,"leslie berland, a former american express executive, was named twitter's chief marketing officer, taking over a position that has been in flux in recent years."
American Express,"dec. 26, 2015","jet.com's strategy: low prices, fast delivery, happy workers","the start-up's founder and chief says happiness, in particular the happiness of his employees, will separate his company from ventures that have failed."
American Express,"dec. 17, 2015",apple pay is set to arrive in china,"the deal, in a huge digital market, may give a boost to apple pay, which lets users pay for goods by holding a mobile device near a credit card reader."
American Express,"dec. 10, 2015",mark zuckerberg of facebook reassures muslim users,mr. zuckerberg's new openness on social media has met up with business considerations.
American Express,"nov. 24, 2015",researchers track tricky payment theft scheme,"about two years after a hack at target became national news, retailers are determined to avoid a similar disaster."
American Express,"oct. 20, 2015",how emojis find their way to phones,"a new batch of symbols is under review by the unicode consortium, a group that regulates standards for every bit of text displayed online."
American Express,"oct. 19, 2015",cybersecurity firm says chinese hackers keep attacking u.s. companies,a blog post by crowdstrike said that the attacks had continued despite an agreement to end them between washington and beijing.
American Express,"sept. 29, 2015",chinese official faults u.s. internet security policy,"the official, hao yeli, said removing developing countries' ability to control public opinion through internet controls and surveillance would not result in more openness."
American Express,"sept. 16, 2015","lyft announces deal with didi kuaidi, the chinese ride-hailing company","the partnership will allow lyft, which is based in san francisco, to operate in china for the first time."
American Express,"sept. 9, 2015",intel to end sponsorship of science talent search,"the high school competition counts among its past competitors eight nobel prize winners, along with chief executives, university professors and award-winning scientists."
American Express,"aug. 28, 2015","izettle, a swedish payments start-up, begins a lending program",the company also announced that it had raised an additional $67 million from its backers.
American Express,"aug. 17, 2015",jeff bezos and amazon employees join debate over its culture,"the company's chief told employees that he didn't recognize the ""soulless, dystopian workplace"" that he said was depicted in a new york times article."
American Express,"aug. 9, 2015","after nokia layoffs, tech workers in finland regroup and refocus",thousands of laid-off workers have started their own businesses or have been recruited by other tech companies lured to finland by its surplus of talent.
American Express,"aug. 3, 2015","for mobile messaging, gifs prove to be worth at least a thousand words","animated, looping images are experiencing a surge on mobile devices, growing an industry and providing textless messages for millions of users."
American Express,"aug. 3, 2015",german carmakers buy nokia's here mapping unit for $3 billion,"a consortium including audi, bmw group and daimler will acquire here as technology and digital maps become an increasingly important part of the car industry's future."
American Express,"july 28, 2015","stripe, digital payments start-up, raises new funding and partners with visa",the san francisco-based digital payments start-up now has a $5 billion valuation and a partnership with visa to help it compete.
American Express,"july 20, 2015","ashley madison, a dating website, says hackers may have data on millions","those who breached the site, which is marketed to those seeking extramarital affairs, threatened to release information about users."
American Express,"july 16, 2015",ebay reports sale of enterprise unit as earnings beat estimates,"the company said it had sold the unit for $925 million and its operating earnings had risen 9 percent, well above the average estimate of analysts."
American Express,"july 8, 2015","scent received, with a tap of a smartphone",developers are getting ready to introduce products that would allow smartphone users to send and receive scents along with messages and photos.
American Express,"july 1, 2015","as more tech start-ups stay private, so does the money","fledgling companies are increasingly delaying initial public offerings of stock, which can keep the risks -- and rewards -- limited to venture capitalists and hedge funds."
American Express,"june 11, 2015",court denies requests to keep new net neutrality rules from taking effect on friday,the united states court of appeals for the district of columbia circuit denied numerous petitions to keep new internet regulations from going into effect.
American Express,"june 2, 2015",republicans resist f.c.c. proposal for lifeline broadband subsidies,"lawmakers at a senate hearing did not dispute the benefits of broadband, but said the current lifeline program for poor americans had been mismanaged."
American Express,"june 2, 2015","customer satisfaction with tv, internet and phone service at 7-year low, study finds","americans have long expressed dissatisfaction with their cable and internet service. this year, they seem to have grown even more dissatisfied."
American Express,"may 28, 2015",a primer on android pay and google wallet,here is how google's new mobile payments products -- android pay and google wallet -- are set to work.
American Express,"may 28, 2015",f.c.c. chief seeks broadband plan to aid the poor,the plan will suggest sweeping changes to a $1.7 billion subsidy program charged with ensuring all americans have affordable access to advanced telecommunications services.
American Express,"may 25, 2015","as facebook sweeps across europe, regulators gird for battle",the european court of justice is expected to issue a preliminary decision over whether the social network giant can continue transferring data between europe and the united states.
American Express,"april 22, 2015",paypal unit helps lift ebay revenue,"the first-quarter results, with revenue topping analyst forecasts, are a progress marker for ebay as it divides into two parts this year: its troubled marketplace business and its payments unit."
American Express,"april 16, 2015",jackpots for local tv stations in f.c.c. auction of airwaves,"the federal communications commission is trying to persuade hundreds of tv stations to part with some of the most desirable airwaves, which would be acquired by mobile providers."
American Express,"march 25, 2015",facebook opens messenger for app developers,"the social media giant has ambitious plans for its messaging service, including linking business to its user base."
American Express,"march 17, 2015",daily report: apple pay and banks tussle over fraud,one obstacle has been the banks' own reluctance to press apple for fear of upsetting their relationships with the tech giant.
American Express,"march 15, 2015",a police gadget tracks phones? shhh! it's secret,a growing number of law enforcement agencies have acquired sophisticated surveillance technology to track cellphones but have done so with an unusual restriction: they must not talk about it.
American Express,"march 1, 2015",an uneasy relationship between telecom and tech,"large mobile carriers and tech giants like facebook and google rely on one another, but they are competing to be consumers' main source for internet use on mobile devices."
American Express,"march 1, 2015","samsung galaxy s6 and galaxy s6 edge, unveiled at mobile world congress, offer best of iphone and more","samsung has been accused of being a copycat, but after adding its own design twists to popular features borrowed from the competition, its new flagship phone feels like a real flagship."
American Express,"jan. 23, 2015","sony postpones earnings announcement, blaming hacking attacks","the company said it would delay a quarterly earnings report as a result of disruptions to the computer network at its american film studio, sony pictures entertainment."
American Express,"dec. 17, 2014","cramped in coach, but with better entertainment","these services let you use your own mobile devices to either stream free content like tv, music or games, or to rent movies and tv without having to pay for a wi-fi plan."
American Express,"dec. 17, 2014",amazon not as unstoppable as it might appear,"despite growing fears of its invincibility, amazon could be threatened as smartphones transform the way americans shop and goods are delivered."
American Express,"dec. 11, 2014",mark zuckerberg says secret of his success is making lots of mistakes,"the chief executive of facebook addressed a range of questions in his second town hall discussion with users, like the possibility of a new dislike button and his difficulties saying thank you."
American Express,"nov. 2, 2014",europe shifts on priorities for telecoms,the new european commission is prioritizing more investment and costlier internet and cellphone services rather than affordability and antitrust concerns.
American Express,"oct. 29, 2014",f.c.c. proposal would allow a la carte internet video services,"the proposal by tom wheeler, the f.c.c. chairman, would allow some so-called over-the-top online video providers to carry cable and local broadcast stations, provided they could agree on financial terms."
American Express,"oct. 20, 2014","as apple pay arrives, witnessing the next step in money. maybe.",commerce experts say they think the involvement of apple could be the impetus that moves mainstream consumers to digital payments.
American Express,"oct. 6, 2014",meg whitman finds a vision for hp,"by splitting hewlett-packard into two new entities, meg whitman is putting her own, decisive stamp on the iconic company she has led for three years."
American Express,"oct. 3, 2014",facebook receives european approval for $19 billion whatsapp deal,the european commission approved the deal despite vocal opposition from telecom companies concerned that the acquisition will harm their messaging and voice businesses.
American Express,"oct. 1, 2014",paypal taps an outsider to push it into a new era,"dan schulman, who will become chief executive of paypal after its split from ebay next year, takes over a company viewed by many in silicon valley as technologically stagnant."
American Express,"sept. 17, 2014",let the phone be your political adviser,"mobile apps offer news and opinion on politicians and issues, and even information straight from congress and the white house."
American Express,"sept. 12, 2014",government push for yahoo's user data set stage for broad surveillance,documents from the case paint a vivid portrait of the high-stakes battle that pitted yahoo against some top officials in the bush administration over what was legitimate gathering of foreign intelligence and what was illegal snooping.
American Express,"sept. 9, 2014","with apple pay, a push into mobile payments","apple introduced a payment system that joins forces with macy's, whole foods, visa and other retailers and major credit card companies."
American Express,"sept. 9, 2014","answers to questions about apple's announcements, including the watch and iphone 6",we try to answer your pressing questions about apple's new line of products. it doesn't look good for left-handed watches.
American Express,"sept. 9, 2014","a smartwatch, iphone 6 and more: highlights and analysis from apple's keynote","the company announced a wearable device, two new versions of its smartphones and an integrated payments system."
American Express,"sept. 8, 2014",twitter begins testing a 'buy' button for instant purchases by its users,"the feature will allow users to buy products with a couple of clicks, and it comes after facebook began testing a similar button in july."
American Express,"sept. 4, 2014",apple plans smartwatch and larger iphones,"the watch, which is expected to include fitness tracking and wireless payment, will be the first new product unveiled under tim cook, who replaced steve jobs in 2011."
American Express,"sept. 2, 2014",nude photos of jennifer lawrence are latest front in online privacy debate,"after a trove of nude photos of celebrities was posted online, some champions of anything-goes social media were rueful."
American Express,"sept. 2, 2014",daily report: how video gaming became an international spectator sport,"having already upended the entertainment world, the games industry has turned its ambitions toward the lucrative world of professional video game competition."
American Express,"aug. 30, 2014","in e-sports, video gamers draw real crowds and big money",professional video gaming is becoming a worldwide spectator sport offering big prizes to competitors and helping the game industry gain even greater cultural and economic clout.
American Express,"aug. 20, 2014",nickel allergies on rise as devices meet skin,"some consumers are finding that their electronic devices cause allergic reactions, a problem that is increasing as the devices become wearable."
American Express,"july 17, 2014",coming soon to social media: click to buy now,"twitter and facebook, which are fighting for the attention of social media users and advertisers, both announced baby steps into the world of e-commerce on thursday."
American Express,"july 2, 2014",a bright side to facebook's experiments on its users,studying how social media sites are used can provide valuable insight into human behavior and may also help curb their power and potential for abuse.
American Express,"july 2, 2014","after uproar, european regulators question facebook on psychological testing",the social network is facing potential investigations in europe on whether it broke local privacy laws by manipulating the emotional content of users' posts without their consent.
American Express,"july 1, 2014",canadian antispam law whips up a storm of last-minute messages,"an antispam law requiring proof that a recipient has consented to be sent emails has resulted in a torrent of messages from companies, nonprofits and government agencies to everyone on their mailing lists."
American Express,"june 18, 2014",t-mobile offers iphone tests and unlimited music streaming,the wireless carrier's chief executive says a potential merger with sprint would intensify the kind of innovation t-mobile announced on wednesday.
American Express,"june 11, 2014",even early adopters see major flaws in the cloud,"adoption of cloud computing has been slowed by service disruptions, security concerns and regulatory issues."
American Express,"june 11, 2014",daily report: microsoft challenges federal warrant for data stored overseas,"the objection is believed to be the first time a corporation has challenged a domestic search warrant seeking digital information abroad, and it has attracted the concern of privacy groups."
American Express,"june 10, 2014",microsoft protests order to disclose email stored abroad,the objection to hand over email stored in an irish data center is believed to be the first time a corporation has challenged a domestic search warrant seeking digital information overseas.
American Express,"june 9, 2014",the shift to safer chip-and-pin credit cards,"plus, how to update mac os x to sync an ipod music library."
American Express,"june 6, 2014",vodafone reveals direct access by governments to customer data,"in a privacy report, the british telecommunications company said that the authorities in certain countries had direct access to its networks without having to use legal warrants."
American Express,"may 28, 2014",state of the internet: still growing but more mobile than ever,"mary meeker, an influential venture capitalist, analyzes the rapid growth of mobile devices, internet video and china in her annual report on the state of the internet industry."
American Express,"may 25, 2014",no time to text? say it with stickers,"sticker-based apps like line and wechat have transformed mobile messaging in asia, but they have been slow to catch on in north america."
American Express,"may 20, 2014",e.u. antitrust chief casts doubt on google deal over rivals' links,joaquin almunia said that he might yet file formal charges if his inquiry determines that more changes are needed in a case involving search results.
American Express,"may 20, 2014",wheeler says f.c.c. will examine peering arrangements,"tom wheeler, chairman of the federal communications commission, said the agency needs to look at the type of paid-priority deal that netflix struck with comcast."
American Express,"may 10, 2014",the peril of knowledge everywhere,technology is taking us to a legal and social crisis. it's not just that we have unprecedented amounts of data about all kinds of things; innocuous public data can be combined with other information to reveal personal things. will knowing become a problem?
American Express,"may 10, 2014",a tough stretch for tom wheeler on net neutrality,the chairman of the federal communications commission has had a tough month.
American Express,"april 29, 2014",top cable lobbyist argues against broadband as utility,"michael powell, the chief executive of the cable industry's trade association, said broadband networks should not be left in the hands of government oversight."
American Express,"april 23, 2014","f.c.c., in a shift, backs fast lanes for web traffic",planned new rules would allow an internet provider to negotiate separately with content companies like disney or google and charge for priority service.
American Express,"april 4, 2014",why mozilla's chief had to resign,"brendan eich's resignation as mozilla's chief executive over his views on gay marriage was not an example of political correctness run amok. at an activist organization, his views were shattering mozilla's cherished sense of community."
American Express,"april 2, 2014",blackberry breaks up with t-mobile,"weeks after a public spat between the two companies' chief executives, blackberry said that it would not allow t-mobile us to sell blackberry phones after april 25."
American Express,"march 31, 2014","if you're the victim of a tax fraud, tell the i.r.s.","plus, tracking charges from amazon."
American Express,"march 23, 2014",name-calling in the virtual playground,secret is the latest social media platform to confront the tendency of anonymous chat to provide cover for bad behavior.
American Express,"march 21, 2014",obama and tech executives to meet again on privacy issues,the president held a similar meeting in december and later announced he was taking steps to re-evaluate the breadth of the national security agency's electronic surveillance programs.
American Express,"march 14, 2014",u.s. to cede its oversight of addresses on internet,"an international group, not yet determined, will take over the task of assigning names and numbers for internet addresses."
American Express,"march 3, 2014",bypassing a credit card requirement for apps,downloading free apps or other content from apple's stores doesn't require having a credit card on file.
American Express,"feb. 27, 2014",british spies said to intercept yahoo webcam images,"accounts based on documents supplied by edward j. snowden say images -- many sexually explicit -- were collected from yahoo users, even those not suspected of illegal activity."
American Express,"feb. 8, 2014",republicans are wooing the wired,"in 2012, democrats took a commanding lead in technological outreach to voters. bruised republicans are now trying to build their own bench -- but in silicon valley, it's not easy."
American Express,"feb. 8, 2014","search for a market niche, and you might find a crowd","for entrepreneurs, an overlooked target market may open broader doors to success."
American Express,"feb. 2, 2014",disruptions: paying to travel in the internet's fast lanes,"has the internet become so fundamental to our lives that it is, in essence, a utility that should be subject to regulation?"
American Express,"jan. 30, 2014",a case for cheaper broadband in schools,are america's schools getting a bad deal from government broadband regulation? a group of chief executives and venture capitalists is telling the f.
American Express,"jan. 28, 2014","with ad dollars elusive, yahoo's revenue falls","the internet portal and web publisher said its fourth-quarter revenue was $1.27 billion, down 6 percent from the same quarter a year ago."
American Express,"jan. 14, 2014","rebuffing f.c.c. in 'net neutrality' case, court allows streaming deals",the decision by a federal appeals court could pave the way for providers like verizon and at&t to charge content companies to deliver data at a faster speed.
American Express,"dec. 20, 2013",google back in europe's antitrust sights,"the european union's competition commissioner had agreed in october to a tentative resolution of antitrust concerns, but says now the concessions ""are not acceptable."""
American Express,"dec. 19, 2013","today's scuttlebot: the price of a stolen credit card, and #nsamovietitles","thursday's highlights from around the web include the economics of the stolen credit card black market. plus, ""how the grinch stole your metadata,"" and other parody holiday tales."
American Express,"dec. 12, 2013",u.s. agencies dance around cellphone use aloft,the transportation department is considering whether allowing in-flight voice calls is fair to consumers.
American Express,"dec. 3, 2013",we hear you. you don't want to hear us.,readers respond to a column exploring the pros and cons of the federal communications commission's consideration of allowing the use of cellphones on planes.
American Express,"nov. 11, 2013",china's one-day shopping spree sets record in online sales,chinese consumers were taking to the internet in record numbers for an annual 24-hour online sale that has ballooned into the world's biggest e-commerce event.
American Express,"oct. 30, 2013",n.s.a. said to tap google and yahoo abroad,"unbeknown to google and yahoo, the national security agency and its british counterpart have tapped into the search engines abroad, where data collection faces less oversight."
American Express,"oct. 26, 2013",teenagers prove fickle when choosing social networks,"last year, reports consistently found that teens were not very interested in twitter but were unhealthily addicted to facebook. now that seems to be flipping."
American Express,"oct. 8, 2013","encouraging the reviewers, honestly",american express and tripadvisor introduce a new program to make online reviews a bit more transparent.
American Express,"oct. 8, 2013","for shoppers, next level of instant gratification","new shopping services will allow consumers to instantly buy items they see on television, in magazines and even in their refrigerators."
American Express,"oct. 5, 2013",selling secrets of phone users to advertisers,advertisers and tech companies are finding new ways to track us on our smartphones and reach us with individualized ads.
American Express,"oct. 4, 2013",what can be sold in 140 characters? that's now the challenge for twitter,"in documents filed on thursday, twitter noted that it has been greatly expanding its inventory of advertising slots, especially for promoted tweets."
American Express,"sept. 8, 2013",verizon-f.c.c. court fight takes on regulating net,verizon and other companies that spent billions of dollars to build their internet pipelines are fighting the f.c.c.
American Express,"sept. 6, 2013",not ready for a smartwatch? try bluetooth earmuffs,accessories like earmuffs and handbags with bluetooth connections and speakers could pave the way for average consumers to adjust to wearable technology.
American Express,"sept. 5, 2013",path is trying to define your inner circle,how many people do you want to share everything with? the social networking site bets that it is a lot less than you might think.
American Express,"sept. 4, 2013",samsung unveils galaxy gear smartwatch,"the timing of the release could also give samsung a leg up over apple, which has yet to unveil a similar device but has long been rumored to be working on one."
American Express,"aug. 18, 2013","disruptions: texting your feelings, symbol by symbol","emoji icons can be baffling to american adults who, whether they realize it or not, are taking their social cues from japanese teenagers."
American Express,"aug. 16, 2013",hanging out at the e-mall,"web entrepreneurs are moving closer to duplicating the real-world feel of a mall, where shoppers can pop in and out of multiple stores, and browse with the advice of friends."
American Express,"aug. 9, 2013",trade commission orders ban on some samsung products,"the international trade commission upheld a preliminary finding that samsung's mobile products had violated two apple patents. the decision, unless vetoed by president obama, will result in an import ban on some devices."
American Express,"july 26, 2013",in the beginning was the word; now the word is on an app,"with more than 100 million downloads, youversion, a free app that offers over 600 bible translations, has found itself in the company of successful start-ups like instagram and dropbox."
American Express,"july 7, 2013",a new tool aims to help facebook users dig deep,"facebook is planning to introduce graph search, a tool to help users sift the volumes of information on the site, and its success is important to the company's future."
American Express,"june 30, 2013",e.u. reaction to data sharing revelations grew slowly,"the disclosure last month of the covert prism program has drawn criticism from privacy officials and activists in britain, germany and france, but it has hardly been a roar."
American Express,"june 30, 2013",disruptions: social media images form a new language online,"the rising popularity of the image in social media has further transformed the way we share our lives with one another. photos, once slices of a moment in the past -- sunsets, cappuccinos, the family vacation -- are fast becoming an entirely new type of dialogue."
American Express,"june 19, 2013","sizing up big data, broadening beyond the internet","internet companies were just the start. virtually every field, from science to sports to public health, is being transformed by data-driven discovery and decision-making."
American Express,"june 16, 2013",linkedin builds its publishing presence,"linkedin's influencers program, which consists of people in leadership positions posting about their lives and careers, has transformed viewer engagement on the site, its chief executive said."
American Express,"june 5, 2013",remember all those passwords? no need,"dashlane is a dedicated password memorization program stuffed with features, and it's free."
American Express,"may 30, 2013",self-driving cars for testing are supported by u.s.,"the transportation department said that driverless cars should not yet be allowed, except for testing, but noted that some safety features could save lives."
American Express,"may 23, 2013","used computer, $116,000 or best offer","apple-1 computers have sold for hundreds of thousands of dollars in recent auctions, a run-up reflecting the company's mystique."
American Express,"april 15, 2013",'lean in' software goes corporate,"the nonprofit financed by sheryl sandberg to get more women in positions of power uses a novel social networking software to create small groups with a common purpose. on tuesday, that software will be offered more broadly."
American Express,"april 3, 2013",a big data weapon for the mobile ad challenge,"mobile advertising is beginning to grow rapidly, but are marketers throwing their dollars away? audience measurement and targeting is far more primitive with mobile apps than on the web."
American Express,"april 3, 2013",2 deterrents to robocalls win f.t.c.'s contest,the f.t.c. expressed hope that the winning proposals find their way to the marketplace soon to provide relief to millions of american consumers.
American Express,"april 2, 2013",2 deterrents to robocalls win contest by f.t.c.,"the federal trade commission expressed hope that the winning proposals find their way to the marketplace soon, to provide relief to millions of american consumers."
American Express,"march 29, 2013",daily report: 'the attacks have changed from espionage to destruction',"american express is the latest victim in a wave of attacks on the online operations of american banks, david e. sanger and nicole perlroth on friday in the new york times."
American Express,"march 28, 2013","cyberattacks seem meant to destroy, not just disrupt","corporate leaders have long feared hacking in service of fraud or spying, but now a new threat has taken hold: attackers, possibly with state support, who seem bent on destruction."
American Express,"march 9, 2013","online emotions, in hundreds of new flavors","emoji and now online ""stickers"" have not been as popular in the united states as in other parts of the world. but some new american companies are trying to change that."
American Express,"feb. 20, 2013",f.c.c. moves to ease wireless congestion,"the commission proposed to make a big part of the spectrum, some of which is in government hands, available for unlicensed devices like wi-fi routers."
American Express,"feb. 17, 2013",disruptions: on the fast track to routine 3-d printing,"printing in 3-d shows more promise than other technologies that president obama has supported in the past, but the question is whether the united states can get a foothold in manufacturing one 3-d printer at a time."
American Express,"feb. 2, 2013","data protection laws, an ocean apart",the united states and europe are struggling to bridge a divide in the way their citizens are shielded against the use of their personal data.
American Express,"feb. 1, 2013",the origins of 'big data': an etymological detective story,"tracing the origins of the term ""big data"" shows how digital technology is changing the way words and ideas develop and spread, and how they are studied."
American Express,"jan. 14, 2013",today's scuttlebot: bookless libraries and anti-drone clothing,the technology reporters and editors of the new york times scour the web for important and peculiar items.
American Express,"jan. 9, 2013",europe to consider creating data protection regulator,"if approved, the proposal would replace an advisory panel with an agency with the power to levy fines on companies who violate rules on the use of information gathered online."
American Express,"jan. 8, 2013",u.s. tech firms facing stronger european data protection measures,"over the last year, american regulators and technology trade groups have tried to contain an effort by the european commission to increase data protection regulations for europeans. that may not be enough to slow the momentum in europe."
American Express,"dec. 13, 2012",u.s. rejects telecommunications treaty,"after weeks of talks that often pitted western governments against russia, china and developing countries, the united states announced it would not sign the agreement."
American Express,"dec. 9, 2012",telecoms merger in austria could open door to further consolidation,"after it was rejected by the national regulator, the combination of 3 austria and orange austria appears headed for approval after the intervention of the e.u. competition commissioner."
American Express,"dec. 6, 2012",drafters of communications treaty are split on issue of internet governance,"a united states proposal to keep the internet in the hands of the private sector is being resisted by some delegates, including those from russia and some african and middle eastern nations."
American Express,"nov. 29, 2012",panel approves a bill to safeguard e-mail,"a bill, approved by the judiciary committee, would require law enforcement officials to obtain a warrant from a judge before gaining access to messages in individual accounts."
American Express,"nov. 22, 2012",the shrewd shopper carries a smartphone,"apps for black friday shoppers are now loaded with planning tools, prices and directions to parking spots."
American Express,"nov. 10, 2012","a race against the clock, again, in package delivery","from 1998 to 2001, kozmo.com offered free delivery within an hour. now, some online merchants and their delivery partners are inching back toward that vision."
American Express,"oct. 5, 2012",nokia's new lumia is an at&t exclusive again,"nokia's new flagship smartphone, the lumia 920, will will be sold next month in the united states only in at&t stores. this story is familiar: last time, at&t was the only american carrier to support nokia's older flagship lumia, which didn't sell well. so why does at&t keep getting the goods?"
American Express,"sept. 23, 2012","data barns in a farm town, gobbling power and flexing muscle","when internet factories come to town, they can feel less like their sleek, clean and convenient image and more like old-time manufacturing."
American Express,"sept. 22, 2012","power, pollution and the internet","helping to process the staggering amount of internet activity that occurs, data centers waste vast amounts of energy, belying the information industry's image of environmental friendliness."
American Express,"sept. 5, 2012",consumers say no to mobile apps that grab too much data,a new study shows that american adults who download applications to their smartphones are wary of giving up too much of their personal information.
American Express,"sept. 4, 2012",daily report: multinationals push into venture capital,"from downtown san francisco to palo alto, calif."
American Express,"july 20, 2012",will windows phones replace blackberrys as bargaining chip?,"a research report suggests more bad news for research in motion. the cellphone carriers could use windows 8, not blackberry, to counterbalance the power of android and apple."
American Express,"july 18, 2012","pay by voice? so long, wallet","the pay with square service makes transactions easier than ever. if a retailer has your name and photo in its system, you only have to announce yourself to pay your bill."
American Express,"june 29, 2012",digital diary: talking about death online,posting about a personal loss online makes people -- both the poster and the readers -- uncomfortable.
American Express,"june 16, 2012","mapping, and sharing, the consumer genome","few consumers may have heard of acxiom, a database marketer. but it has amassed the world's largest commercial data trove about them, analysts say."
American Express,"june 11, 2012",the antidote to e-books,self-publishing has been made easier since the espresso book machine by on demand books made its debut in 2006.
American Express,"june 7, 2012","rather than share your location, foursquare wants to suggest one","foursquare, a start-up whose app lets users share their locations, has seen its growth slow, and its founders hope that suggesting places to users could change that."
American Express,"june 2, 2012",lawsuit shakes foundation of a man's world of tech,a sexual discrimination lawsuit by ellen pao at the venture capital firm kleiner perkins has prompted wider discussion about the treatment of women in the tech world.
American Express,"may 4, 2012","don't be shocked by more big acquisitions, facebook says","in a roadshow video, facebook says it is likely to make more expensive investments to rev up its mobile presence. the video devotes considerable time to convince investors that advertising, which is facebook's principal revenue source, is a promising business."
American Express,"april 4, 2012","2 underdogs produce, but in time?",nokia and microsoft joined forces to make the lumia 900 a top-of-the-line device. but that doesn't necessarily mean that people will flock to it.
American Express,"march 26, 2012",symantec dissolves a chinese alliance,the company is said to have feared that its venture with huawei technologies would prevent it from obtaining classified data from the united states government.
American Express,"march 18, 2012",ethics fight over domain names intensifies,pointed remarks followed a complaint from the commerce department. but china and russia have their own complaints and would like to reduce american influence over the system
Amgen,"march 20, 2010",would you pay $20 for access to a breast cancer cure?,"a canadian organization has started a biotech cooperative, financed by sales of $20 shares, to develop personalized therapies for breast cancer."
Amgen,"june 5, 2009",venture capital's elders say think small,some venture capitalists who have been investing since the 1960s say the v.c. industry has grown much too big.
Amgen,"dec. 26, 2008",glassdoor.com lists naughtiest and nicest c.e.o.'s of 2008,"glassdoor.com rates the best and worst chief executives of the year, based on anonymous employee reviews. the top boss: arthur levinson of genentech. the worst: steve odland of office depot."
Amgen,"dec. 18, 2008",software that opens worlds to the disabled,"fluidigm's offering, which it hopes to make on thursday unless market conditions force it to withdraw, is underwritten by morgan stanley."
Amgen,"sept. 16, 2008","in an unsettled market, a biotech company called fluidigm is about to go public","there is a tiny shred of good news for lehman brothers: one of its venture capital arm's investments, a biotech company called fluidigm, is set to go public this week. then again, that might not be such good news."
Amgen,"sept. 16, 2008",a lehman-backed biotech braves the markets,"the legislation, supported by technology and financial services companies, would limit damage awards for patent infringement and grant patents to the first inventor to file an application."
Amgen,"sept. 7, 2007",house passes bill to revamp patent process,the company moved to cut costs in the face of declining sales of the anemia drugs that account for nearly half its revenue.
